{"accuracy": [0.5164139866828918, 0.7927800416946411, 0.8301886916160583, 0.8545097708702087, 0.8713054656982422, 0.8877740502357483, 0.899116575717926, 0.9104591608047485, 0.9196204543113708, 0.9260551929473877, 0.9335805177688599, 0.9383793473243713, 0.943178117275238, 0.9471043944358826, 0.9528847336769104, 0.9559385180473328, 0.9591013193130493, 0.9615007042884827, 0.9660813808441162, 0.9668447971343994, 0.970771074295044, 0.971316397190094, 0.9739339351654053, 0.9746973514556885, 0.9761151671409607, 0.978078305721283, 0.9794961214065552, 0.9805867671966553, 0.9829861521720886, 0.9827679991722107, 0.9841858148574829, 0.9848402142524719], "loss": [2.121403694152832, 0.9772407412528992, 0.7517842054367065, 0.6355631947517395, 0.561107337474823, 0.5028960704803467, 0.4570653736591339, 0.4201408624649048, 0.38836556673049927, 0.3623831272125244, 0.33942505717277527, 0.31968092918395996, 0.3009563088417053, 0.2848619222640991, 0.27057504653930664, 0.2573253810405731, 0.24553453922271729, 0.23475389182567596, 0.22398412227630615, 0.21531447768211365, 0.20698022842407227, 0.1986057162284851, 0.19139085710048676, 0.18521839380264282, 0.17819844186306, 0.17236308753490448, 0.16656354069709778, 0.1613379418849945, 0.1564176082611084, 0.15196697413921356, 0.1472858041524887, 0.14329127967357635], "val_accuracy": [0.7687961459159851, 0.8109517693519592, 0.8392003774642944, 0.8561494946479797, 0.8617992401123047, 0.8722294569015503, 0.8848326802253723, 0.8939591646194458, 0.8961321115493774, 0.9061277508735657, 0.903954803943634, 0.9104737043380737, 0.9169926047325134, 0.9191655516624451, 0.9209039807319641, 0.9256845116615295, 0.9261190891265869, 0.9282920360565186, 0.9282920360565186, 0.9308996200561523, 0.9348109364509583, 0.9313341975212097, 0.9369839429855347, 0.9369839429855347, 0.9400261044502258, 0.9361147284507751, 0.9417644739151001, 0.9378530979156494, 0.941329836845398, 0.9421990513801575, 0.941329836845398, 0.9421990513801575], "val_loss": [1.1862928867340088, 0.8370190262794495, 0.7010498046875, 0.6203134655952454, 0.5691725015640259, 0.5209120512008667, 0.48846086859703064, 0.4620877504348755, 0.4376336634159088, 0.41457873582839966, 0.39859968423843384, 0.38124880194664, 0.36483392119407654, 0.35360896587371826, 0.34212207794189453, 0.33180543780326843, 0.3236525058746338, 0.3134336769580841, 0.30957308411598206, 0.30159053206443787, 0.2921290993690491, 0.2889147698879242, 0.2824280560016632, 0.2756800949573517, 0.26893380284309387, 0.26642289757728577, 0.2604641318321228, 0.25768548250198364, 0.2536037266254425, 0.2502376139163971, 0.24640865623950958, 0.24242936074733734]}